{
	"format_version": "1.8.0",
	"animations": {
		"animation.cherry_bomb.ch_explode": {
			"animation_length": 1.0417,
			"bones": {
				"1": {
					"rotation": {
						"0.0": [0, 0, 0],
						"1.0": ["math.sin(q.anim_time * 3000) * 3", 0, "math.cos(q.anim_time * 2000) * 3"],
						"1.0417": [0, 0, 0]
					},
					"scale": {
						"0.0": [1, 1, 1],
						"0.1667": [1.0075, 1.0075, 1.0075],
						"0.3333": [1.02, 1.02, 1.02],
						"0.5": [1.045, 1.045, 1.045],
						"0.6667": [1.08, 1.08, 1.08],
						"0.8333": [1.13, 1.13, 1.13],
						"1.0": [1.2, 1.2, 1.2],
						"1.0417": {
							"pre": [1.6, 1.6, 1.6],
							"post": [0, 0, 0]
						}
					}
				},
				"2": {
					"rotation": {
						"0.0": [0, 0, 0],
						"1.0": ["math.sin(q.anim_time * 3000) * 3", 0, "math.cos(q.anim_time * 2000) * 3"],
						"1.0417": [0, 0, 0]
					},
					"scale": {
						"0.0": [1, 1, 1],
						"0.1667": [1.0075, 1.0075, 1.0075],
						"0.3333": [1.02, 1.02, 1.02],
						"0.5": [1.045, 1.045, 1.045],
						"0.6667": [1.08, 1.08, 1.08],
						"0.8333": [1.13, 1.13, 1.13],
						"1.0": [1.2, 1.2, 1.2],
						"1.0417": {
							"pre": [1.6, 1.6, 1.6],
							"post": [0, 0, 0]
						}
					}
				},
				"bone2": {
					"rotation": {
						"0.0": [0, 0, 0],
						"1.0": ["math.sin(q.anim_time * 3000) * 3", 0, "math.cos(q.anim_time * 2000) * 3"],
						"1.0417": [0, 0, 0]
					},
					"scale": {
						"0.0": [1, 1, 1],
						"0.1667": [1.0075, 1.0075, 1.0075],
						"0.3333": [1.02, 1.02, 1.02],
						"0.5": [1.045, 1.045, 1.045],
						"0.6667": [1.08, 1.08, 1.08],
						"0.8333": [1.13, 1.13, 1.13],
						"1.0": [1.2, 1.2, 1.2],
						"1.0417": {
							"pre": [1.6, 1.6, 1.6],
							"post": [0, 0, 0]
						}
					}
				}
			}
		},
		"animation.cherry_bomb.ch_tp": {
			"loop": true,
			"animation_length": 1.0417,
			"bones": {
				"root": {
					"rotation": [12.5, 0, 0],
					"position": [0, 19, -4],
					"scale": 0.6
				}
			}
		},
		"animation.cherry_bomb.ch_fp": {
			"loop": true,
			"animation_length": 1.0417,
			"bones": {
				"root": {
					"rotation": [21.67413, -35.49178, -157.99301],
					"position": [21, 12, 16]
				}
			}
		}
	}
}